{
	"mute": "🔇",
	"volumemiddle": "🔉",
	"volumelow": "🔈",
	"volumehigh": "🔊",
	"stop": "⏹️",
	"skip": "⏭️",
	"shuffle": "🔀",
	"rewind": "⏪",
	"resume": "▶️",
	"remove": "⏏️",
	"queue": "🎶",
	"playlist": "🎶",
	"play": "▶️",
	"pause": "⏸️",
	"loop": "🔁",
	"forward": "⏩",
	"filter": "🎛️",
	"autoplay": "🎵",
	"addsong": "🎵",
	"music": "🎵",
	"warn": "⚠️",
	"join": "📥",
	"leave": ":outbox_tray:",
	"about": "🔎",
	"jump": "⏭️"
}